id,type,class,side,nodes,edges,url,sha256
720575940644919240,R1-6,sensory,left,300,299,https://flyem.mrc-lmb.cam.ac.uk/flyconnectome/flywire_skeletons_783/720575940644919240,66080075ba9e85f9d2f0f0a5fd11a9421d8d2360d5e172786eea7e9f0c54b0b0
720575940633081169,R1-6,sensory,left,358,357,https://flyem.mrc-lmb.cam.ac.uk/flyconnectome/flywire_skeletons_783/720575940633081169,aad8aaf0a6dd45420f14c616e4c8078cda81753dac6aebb196479c4101c8348c
720575940635871839,optic,optic,left,674,673,https://flyem.mrc-lmb.cam.ac.uk/flyconnectome/flywire_skeletons_783/720575940635871839,2bb59fcece0f275c004000ee40c8060a138927658d2e6b4832ccc90a9ea162d0
720575940620745808,R1-6,sensory,left,407,406,https://flyem.mrc-lmb.cam.ac.uk/flyconnectome/flywire_skeletons_783/720575940620745808,6e692446a4f5c37020a3829e9e144780f8e562fa32e6cdf50eab0dcb9a4da4e6
720575940625823101,R1-6,sensory,left,170,169,https://flyem.mrc-lmb.cam.ac.uk/flyconnectome/flywire_skeletons_783/720575940625823101,3dae1fcb0de4b1dfd097b4467abbc6332feada459b9e30379169794c9de0b3d6
720575940615703446,R1-6,sensory,left,310,309,https://flyem.mrc-lmb.cam.ac.uk/flyconnectome/flywire_skeletons_783/720575940615703446,425102e9c944cb3ca2d8c98363eaf156e5c511f63a68b0cfa5334d16970d337f
720575940616981947,R1-6,sensory,left,343,342,https://flyem.mrc-lmb.cam.ac.uk/flyconnectome/flywire_skeletons_783/720575940616981947,dc4e3de0817af3c0d60080426a4181bedb6d896208837cf128243d9b7b93b715
720575940641277904,R1-6,sensory,left,190,189,https://flyem.mrc-lmb.cam.ac.uk/flyconnectome/flywire_skeletons_783/720575940641277904,1c6e49b7dfbcaef0e8dac73ba7d2bca8811c9dc09edf6379942409956de05952
720575940614892595,R8,sensory,left,443,442,https://flyem.mrc-lmb.cam.ac.uk/flyconnectome/flywire_skeletons_783/720575940614892595,d51f5994b16e6bb3f58cf330c13b55925ca72c42e8ccf78f05ce57649b527c60
720575940630207703,L3,optic,left,533,532,https://flyem.mrc-lmb.cam.ac.uk/flyconnectome/flywire_skeletons_783/720575940630207703,38bd30ccbc68fb20f72de4b6a927cd1c2369a638962524974dadc5693986329a
720575940626286097,L5,optic,left,752,751,https://flyem.mrc-lmb.cam.ac.uk/flyconnectome/flywire_skeletons_783/720575940626286097,9bc24d1da10122f8934a270108258519a331d91ba4709667ca15b03423dbab8a
720575940618248541,R1-6,sensory,left,277,276,https://flyem.mrc-lmb.cam.ac.uk/flyconnectome/flywire_skeletons_783/720575940618248541,f6843d2c28367e72a87ff360770278707521ce09ca719dfaf495d31bd5150f71
720575940629956879,Tm5e,optic,left,1816,1815,https://flyem.mrc-lmb.cam.ac.uk/flyconnectome/flywire_skeletons_783/720575940629956879,bbc25ef4a11323c7f83beed1db18025392a1f1b82afc889a928f004a9bfc8033
720575940626738992,Tm5e,optic,left,1953,1952,https://flyem.mrc-lmb.cam.ac.uk/flyconnectome/flywire_skeletons_783/720575940626738992,787def124de391e91d7da36143fc47d972329143f13358f921950d3d33cdf92d
720575940621898480,Mi10,optic,left,1502,1501,https://flyem.mrc-lmb.cam.ac.uk/flyconnectome/flywire_skeletons_783/720575940621898480,14e4f6796e57ad957b1c90080d95950481fc4747f0df64c7d4f3369959f05c5e
720575940626416016,Sm09,optic,left,1603,1602,https://flyem.mrc-lmb.cam.ac.uk/flyconnectome/flywire_skeletons_783/720575940626416016,08d4d1fbc6895c46995af2bc593d4fca18d90c62f0e6afbb1154d7acf6998bc7
720575940624806397,R1-6,sensory,left,286,285,https://flyem.mrc-lmb.cam.ac.uk/flyconnectome/flywire_skeletons_783/720575940624806397,d723f8e9f9f5ceaee89de64214703e1ac323cee0ecb1870583a1a88238f4fae8
720575940620587569,optic,optic,left,645,644,https://flyem.mrc-lmb.cam.ac.uk/flyconnectome/flywire_skeletons_783/720575940620587569,c30f0dbacc95340bda874d2d8dd5d3a6f12a2d5d27421636cac207c0e5f2b746
720575940637974896,L1,optic,left,384,383,https://flyem.mrc-lmb.cam.ac.uk/flyconnectome/flywire_skeletons_783/720575940637974896,857290ac21d9a5a3c9eadd8c69e5c053f76db72f6c5448a6e21ede64cd20f5e8
720575940620054174,L2,optic,left,612,611,https://flyem.mrc-lmb.cam.ac.uk/flyconnectome/flywire_skeletons_783/720575940620054174,410db9377147faafb88bbaebdc088dffbc38bc38da0d679edd5b2459d34f2c63
720575940615771458,L2,optic,left,768,767,https://flyem.mrc-lmb.cam.ac.uk/flyconnectome/flywire_skeletons_783/720575940615771458,ad42ca22d69df1a4002dd101ea1f17dc0d87e92886054fd168d3f65e3e709913
720575940613060058,L1,optic,left,351,350,https://flyem.mrc-lmb.cam.ac.uk/flyconnectome/flywire_skeletons_783/720575940613060058,1f01724f2cc35133f6ced42c6254703d4b0b310368011f3ea7a7b56ec7262dea
720575940641611739,Mi1,optic,left,1077,1076,https://flyem.mrc-lmb.cam.ac.uk/flyconnectome/flywire_skeletons_783/720575940641611739,771519a509ce085f235b6fcda0560d6a68ee3e4453f7b1dc1c28b7ad6f92c24b
720575940609659145,T1,optic,left,1081,1080,https://flyem.mrc-lmb.cam.ac.uk/flyconnectome/flywire_skeletons_783/720575940609659145,9d8084d13af6511ecfe9b40336d2d617ce34f47016df617c3826cad076f9333f
720575940635555423,Tm3,optic,left,806,805,https://flyem.mrc-lmb.cam.ac.uk/flyconnectome/flywire_skeletons_783/720575940635555423,2a934446600234fa5e5da741d977431666a2d752133230f071fd3f2c48757926
720575940616832598,Dm11,optic,left,1419,1418,https://flyem.mrc-lmb.cam.ac.uk/flyconnectome/flywire_skeletons_783/720575940616832598,ee96a463a4e1b0f546d7d151d58848b668c896723a4597e5ded5ca0fe08ccf52
720575940638266943,Tm9,optic,left,613,612,https://flyem.mrc-lmb.cam.ac.uk/flyconnectome/flywire_skeletons_783/720575940638266943,366ceeb275630cebf079646abed910b17c6cacf53683bae1561db2e9f3055031
720575940631718475,T1,optic,left,776,775,https://flyem.mrc-lmb.cam.ac.uk/flyconnectome/flywire_skeletons_783/720575940631718475,fd442bcf8da9da58d0b167d2ba9f18eb35c70048baeecd158fdb4865ef32b3f5
720575940622840790,Mi13,optic,left,724,723,https://flyem.mrc-lmb.cam.ac.uk/flyconnectome/flywire_skeletons_783/720575940622840790,5a5d2de34e695caee0e452dc9fcca869f50466c6d57a15373eef3be71e86f6cf
720575940617951003,T3,optic,left,606,605,https://flyem.mrc-lmb.cam.ac.uk/flyconnectome/flywire_skeletons_783/720575940617951003,281d0a153fbf274056a1a6c59a3641c64c6d10ff0fea46bd0208ac13d5c0456b
720575940622006622,C3,optic,left,880,879,https://flyem.mrc-lmb.cam.ac.uk/flyconnectome/flywire_skeletons_783/720575940622006622,3e2d24212b46993529aad5b293cbf676ca547f9caae1ce46951e5dd70116c002
720575940624665236,CB1211,central,left,4078,4077,https://flyem.mrc-lmb.cam.ac.uk/flyconnectome/flywire_skeletons_783/720575940624665236,034fdbc20a3508e57412a16aa9d2411a216716fcb39f2a86a92933128ffbdc98
720575940630383045,AVLP306,central,left,5141,5140,https://flyem.mrc-lmb.cam.ac.uk/flyconnectome/flywire_skeletons_783/720575940630383045,a1e073ded836501bc4be1caf364b09b2226b3af57f97d8691cbd2d98cf9df362
720575940625734714,CL097,central,left,5388,5387,https://flyem.mrc-lmb.cam.ac.uk/flyconnectome/flywire_skeletons_783/720575940625734714,c63167671ec1ef024dc2a74045e4de7575424f483588e45248c98230774b43d4
720575940634916709,TuBu06a,central,left,1515,1514,https://flyem.mrc-lmb.cam.ac.uk/flyconnectome/flywire_skeletons_783/720575940634916709,5060d662b0859e17cc3134ad4dd4875f05518434db9fb278eb221ee8cd61f663
720575940624194232,CB0158,central,left,3044,3043,https://flyem.mrc-lmb.cam.ac.uk/flyconnectome/flywire_skeletons_783/720575940624194232,7bd0632788a0838f3b8b9cc962c18bd6cc3e0791048a1acd0372414b9799ff4a
720575940617499205,PVLP074,central,left,6613,6612,https://flyem.mrc-lmb.cam.ac.uk/flyconnectome/flywire_skeletons_783/720575940617499205,94d9f144826e248ddeb140b6af22898a16390fa75d859088dfcc7649ba381b01
720575940635475055,SLP158,central,left,2190,2189,https://flyem.mrc-lmb.cam.ac.uk/flyconnectome/flywire_skeletons_783/720575940635475055,946ed0eb5fabf1a1a352a4e5770a3a9a269816d3b42ca7abd944ecf99c8c7849
720575940635777893,CB1753,central,left,3047,3046,https://flyem.mrc-lmb.cam.ac.uk/flyconnectome/flywire_skeletons_783/720575940635777893,4e9e062102fc0e076d336bbc4b0c888639c88db3ae87356760434c45e716989e
720575940618309440,CB1191,central,left,2265,2264,https://flyem.mrc-lmb.cam.ac.uk/flyconnectome/flywire_skeletons_783/720575940618309440,056813fce3809be965d31870d4a3e327c9ccffd4a3678dbc7c6781cf7f681375
720575940618164829,Dm3q,optic,left,728,727,https://flyem.mrc-lmb.cam.ac.uk/flyconnectome/flywire_skeletons_783/720575940618164829,0d39d0002632e1b19512c43f7d0ac59a9e5b33656f1d429ea08ee2722a0288da
720575940632025913,Mi9,optic,left,854,853,https://flyem.mrc-lmb.cam.ac.uk/flyconnectome/flywire_skeletons_783/720575940632025913,1bfb5f1f3a7e1d57674dcc2f7de812cadb7e45df2ae351065dfac1ea8f126a03
720575940631002063,Tm9,optic,left,606,605,https://flyem.mrc-lmb.cam.ac.uk/flyconnectome/flywire_skeletons_783/720575940631002063,61eeb848152373b7ea88136d1a90cf6f35c81ddb34c1876a23c6265a8ec81b34
720575940616052166,T4a,optic,left,901,900,https://flyem.mrc-lmb.cam.ac.uk/flyconnectome/flywire_skeletons_783/720575940616052166,5e788aff4d4add574c180dede751c405be546c6e8a5c7beddf3981a2c9349ba0
720575940622004545,T5a,optic,left,854,853,https://flyem.mrc-lmb.cam.ac.uk/flyconnectome/flywire_skeletons_783/720575940622004545,4d54946fd738152072b055e3c2ec022a3229afaa2756e6569990dd8e8d25b231
720575940624141064,T5b,optic,left,723,722,https://flyem.mrc-lmb.cam.ac.uk/flyconnectome/flywire_skeletons_783/720575940624141064,fbc301fa2b095145edaf6c2b0bc53474093ffbc2c988625b1f53cdcc69ce8771
720575940630303287,T3,optic,left,847,846,https://flyem.mrc-lmb.cam.ac.uk/flyconnectome/flywire_skeletons_783/720575940630303287,24c2b5f82aab799707e0649b4361c3c0de83ca7f86a0367bd46fc60bf152de79
720575940618889595,Tm2,optic,left,884,883,https://flyem.mrc-lmb.cam.ac.uk/flyconnectome/flywire_skeletons_783/720575940618889595,2c48ca4814aa322b65a471c1fc1ad7a9ba6697f8dcaed348fc66edfa1f8ef539
720575940617934139,LPi05,optic,left,1655,1654,https://flyem.mrc-lmb.cam.ac.uk/flyconnectome/flywire_skeletons_783/720575940617934139,7dea63e792449c2a30716afe42f4101b4dc7c9116fb5131c3a8ffa2285e316fb
720575940630744940,T2a,optic,left,1051,1050,https://flyem.mrc-lmb.cam.ac.uk/flyconnectome/flywire_skeletons_783/720575940630744940,8d8f3d6e10337434e1101b2eb954fd819e9259eb1dcc71526fe6f5130ef8d340
720575940626915109,T4d,optic,left,663,662,https://flyem.mrc-lmb.cam.ac.uk/flyconnectome/flywire_skeletons_783/720575940626915109,82e61f724540ae59a04e34df15ad16ce5c6cc3fbcbadc2914d90334a5028cb02
720575940628822906,ORN_DM3,sensory,left,585,584,https://flyem.mrc-lmb.cam.ac.uk/flyconnectome/flywire_skeletons_783/720575940628822906,818856f0d1e33ceacf641c491b5f24ff093df31dfc9b89b0886d7b600ce5c1e9
720575940628202089,ORN_DL2d,sensory,left,994,993,https://flyem.mrc-lmb.cam.ac.uk/flyconnectome/flywire_skeletons_783/720575940628202089,09fbf2052ceddecd67130abf54b2fbfb989264a3d031e6ee0583a9b4422c68ed
720575940623274935,ORN_DP1m,sensory,left,1340,1339,https://flyem.mrc-lmb.cam.ac.uk/flyconnectome/flywire_skeletons_783/720575940623274935,ca0b0434251fe68367c4d57073efce89fcce32eb76057d902204661d742fc771
720575940630835195,ORN_DM6,sensory,left,319,318,https://flyem.mrc-lmb.cam.ac.uk/flyconnectome/flywire_skeletons_783/720575940630835195,f5666e90ea640911d5f8be6063fce26a0c96eb828de787cf3bf6bb4f67fcd0c1
720575940620257345,JO-mz,sensory,left,538,537,https://flyem.mrc-lmb.cam.ac.uk/flyconnectome/flywire_skeletons_783/720575940620257345,521899845cd509c60fdad80f83d7b2f51020c7a870f584f35ea2b4a51aeee52a
720575940618779294,CB2550,central,left,2695,2694,https://flyem.mrc-lmb.cam.ac.uk/flyconnectome/flywire_skeletons_783/720575940618779294,c918a1f667727af66c086045cc64520360d5de5a4b8db48980efdcae0ddd4bac
720575940609530653,JO-FD2,sensory,left,550,549,https://flyem.mrc-lmb.cam.ac.uk/flyconnectome/flywire_skeletons_783/720575940609530653,aee15e7d0d7ad43ee3ef63e81d07824d800a246c1367926a3477012fe62c3791
720575940645599268,CB2018,central,left,3219,3218,https://flyem.mrc-lmb.cam.ac.uk/flyconnectome/flywire_skeletons_783/720575940645599268,c489d1d18abc874c11f44851c8063eb43e695cc5157c193fadd39cd0d30a750c
720575940631423263,claw_tpGRN,sensory,left,376,375,https://flyem.mrc-lmb.cam.ac.uk/flyconnectome/flywire_skeletons_783/720575940631423263,3f664c5dfd131526d0fef6468a397059caa2246feaeaf25db133d7955b21d615
720575940628972048,CB0542,central,left,5412,5411,https://flyem.mrc-lmb.cam.ac.uk/flyconnectome/flywire_skeletons_783/720575940628972048,91f4a98b02daeeea1d4ef8d852f31d574c116153104c9c4e193adbfd04ee8e89
720575940630812663,"SMP555,SMP556",central,left,5485,5484,https://flyem.mrc-lmb.cam.ac.uk/flyconnectome/flywire_skeletons_783/720575940630812663,f3fda8c2c00912edbfd4395e91d83108eb95f095a2c6c455985935eec98e3967
720575940620539227,SLP025b,central,left,2003,2002,https://flyem.mrc-lmb.cam.ac.uk/flyconnectome/flywire_skeletons_783/720575940620539227,98b8e403285934ef7dfc0597d07739a51730acf4c2282876ccb22f2332515c38
720575940619757488,BM_InOm,sensory,left,238,237,https://flyem.mrc-lmb.cam.ac.uk/flyconnectome/flywire_skeletons_783/720575940619757488,4af87fa1514e19644cabc253ac3240eb73ebbe4b04d969410c50c621d56b8ae4
720575940611440346,SLP312,central,left,2563,2562,https://flyem.mrc-lmb.cam.ac.uk/flyconnectome/flywire_skeletons_783/720575940611440346,386977bdf764a0c782246875a18a7ac0fab3998437f260b5460c8dd8a6fab521
720575940622939912,BM_InOm,sensory,left,251,250,https://flyem.mrc-lmb.cam.ac.uk/flyconnectome/flywire_skeletons_783/720575940622939912,62f26c313aebb0e6627dafb82ae9c5c550691f33c104fe89537b3ad56d9e0cca
720575940621846783,FB1D,central,left,2437,2436,https://flyem.mrc-lmb.cam.ac.uk/flyconnectome/flywire_skeletons_783/720575940621846783,a4b17f1f1be323bd59a34c9a9ca13d4eca892c00bd64b49a034b84cea90afd00
720575940635008607,CB1011,central,left,1356,1355,https://flyem.mrc-lmb.cam.ac.uk/flyconnectome/flywire_skeletons_783/720575940635008607,19096add8b162a37fc861c999bed0330cdff88329793776a1cb4d16df56d0e30
720575940614203916,KCapbp-m,central,left,1293,1292,https://flyem.mrc-lmb.cam.ac.uk/flyconnectome/flywire_skeletons_783/720575940614203916,1aedda433f7177221d8bd52f3ab357ab86e4fe38dcd4dcd96cd71cf39e505e51
720575940617380241,KCab,central,left,1418,1417,https://flyem.mrc-lmb.cam.ac.uk/flyconnectome/flywire_skeletons_783/720575940617380241,5ebc04662b8312d6d8ac9bfd622b60694631f5d8ca0eee21dfa1ecacddfab940
720575940612269747,CB3133,central,left,1814,1813,https://flyem.mrc-lmb.cam.ac.uk/flyconnectome/flywire_skeletons_783/720575940612269747,26ecf2a1ed7de2a2274d04ded259b8e48e37c5e13fea03a042da1495cc014873
720575940623895807,LPi08,optic,left,2010,2009,https://flyem.mrc-lmb.cam.ac.uk/flyconnectome/flywire_skeletons_783/720575940623895807,28e62679f59a8748d413b1698f3935508212736506e604c8d530ad694e81f129
720575940618587170,LPi11,optic,left,2709,2708,https://flyem.mrc-lmb.cam.ac.uk/flyconnectome/flywire_skeletons_783/720575940618587170,764854368dcc254476155f1b068a8a408e5f78c6be23cb5587da1544e8e93408
720575940628736873,LPi11,optic,left,2502,2501,https://flyem.mrc-lmb.cam.ac.uk/flyconnectome/flywire_skeletons_783/720575940628736873,58a48adf40f7a7ea21e4a9176919b47211de379975d9d76d08c7daf451879007
720575940653200374,LPi08,optic,left,807,806,https://flyem.mrc-lmb.cam.ac.uk/flyconnectome/flywire_skeletons_783/720575940653200374,ad0832f9c220a41d394878638a97400abedb07524f9f96b4839e8fec8b3eddc4
720575940610926762,ORN_VM4,sensory,right,586,585,https://flyem.mrc-lmb.cam.ac.uk/flyconnectome/flywire_skeletons_783/720575940610926762,5bd2880609e4bf10927e6a2a40b21a79a48f001c474aa1bcee2d5fb55156f836
720575940625148174,HRN_VP1l,sensory,right,600,599,https://flyem.mrc-lmb.cam.ac.uk/flyconnectome/flywire_skeletons_783/720575940625148174,03912aacca26ba52bf3d57634a67bbe7b75259c741fc138e2b886e94d498a4cf
720575940606053041,ORN_V,sensory,right,421,420,https://flyem.mrc-lmb.cam.ac.uk/flyconnectome/flywire_skeletons_783/720575940606053041,dfaff17b8b2e95e010bef30fe5453727fef85fa5f4b0f261ac831f7a01b508b9
720575940626607626,ORN_VA3,sensory,right,1145,1144,https://flyem.mrc-lmb.cam.ac.uk/flyconnectome/flywire_skeletons_783/720575940626607626,70d7a35efd10402cc412cd70b58745b33659e727e8dad734042af3b9f8fedc86
720575940610259406,PhG12,sensory,right,1223,1222,https://flyem.mrc-lmb.cam.ac.uk/flyconnectome/flywire_skeletons_783/720575940610259406,0010f40a155ad4d6ec039ea96f5a56626c09e67e0599d391824100723f4e03cf
720575940637151807,CB2367,central,right,3983,3982,https://flyem.mrc-lmb.cam.ac.uk/flyconnectome/flywire_skeletons_783/720575940637151807,156e330c06e469c70a266ce2f6a88537fa907ffa51a8b4e87295b2fa6fd6f65c
720575940631282247,FB2K,central,right,3321,3320,https://flyem.mrc-lmb.cam.ac.uk/flyconnectome/flywire_skeletons_783/720575940631282247,567b7184525051331e2e69a70b7f105029d993a0e10a7bdb51671f4720b4d26f
720575940620805545,ORN_DM6,sensory,left,713,712,https://flyem.mrc-lmb.cam.ac.uk/flyconnectome/flywire_skeletons_783/720575940620805545,117aa93df0906c4fa067d7d042b37859a934c653100b8e296bc11704fd0451d8
720575940625376062,DNg08_a,descending,right,2728,2727,https://flyem.mrc-lmb.cam.ac.uk/flyconnectome/flywire_skeletons_783/720575940625376062,ba457fcf0446a67cb8f9326f1860fe4bedeee2a8f458e4b071e0acb74f159532
720575940616950161,CB0710,central,right,15751,15750,https://flyem.mrc-lmb.cam.ac.uk/flyconnectome/flywire_skeletons_783/720575940616950161,90324e5d5333e3303dc9b1322ebd1fb3340e3de575a87408a9f113fdc5d648b6
720575940624393715,BM_InOm,sensory,right,278,277,https://flyem.mrc-lmb.cam.ac.uk/flyconnectome/flywire_skeletons_783/720575940624393715,1db2c9d42bc7d2e218cffd17486674dffedbf09369c209fdc805121b731cd761
720575940628136809,FC2B,central,left,3978,3977,https://flyem.mrc-lmb.cam.ac.uk/flyconnectome/flywire_skeletons_783/720575940628136809,c0d3f72357a7e38ad5aa2632537bcbb0cd5286889e258118b4246019a010dcff
720575940631967831,CB1071,central,left,3066,3065,https://flyem.mrc-lmb.cam.ac.uk/flyconnectome/flywire_skeletons_783/720575940631967831,df25b7eee1935a6f553726d77f8b25eff9be6014cc77d3a71097ae361472c0d4
720575940622590558,IB045,central,right,4095,4094,https://flyem.mrc-lmb.cam.ac.uk/flyconnectome/flywire_skeletons_783/720575940622590558,d5011211654342e23ba9f4fa8d9773b43262fcfcce1a15d50e02890c12cc73a3
720575940611679461,vDeltaB,central,right,1430,1429,https://flyem.mrc-lmb.cam.ac.uk/flyconnectome/flywire_skeletons_783/720575940611679461,8aec86bb68441eb9edc08226788b38a4c5919fe0d30aeb3e2f975581798ffcba
720575940631714119,CB0698,central,right,7460,7459,https://flyem.mrc-lmb.cam.ac.uk/flyconnectome/flywire_skeletons_783/720575940631714119,7088ab023fbda9ba66c5782537157a54030b42a3cbe57222ab9372dbab3dbc66
720575940630274459,DNg26,descending,left,5550,5549,https://flyem.mrc-lmb.cam.ac.uk/flyconnectome/flywire_skeletons_783/720575940630274459,bcd7bf647d29491e10b39971f06cf807823b6e63ab06d20d85f16ced834e0e08
720575940615961542,AN_GNG_WED_1,ascending,right,2847,2846,https://flyem.mrc-lmb.cam.ac.uk/flyconnectome/flywire_skeletons_783/720575940615961542,4c6351169aa0ba441d74e1a3f2037560d9c9d1cddfa77db172980fccff26fb48
720575940626894394,AN_IPS_GNG_1,ascending,left,1114,1113,https://flyem.mrc-lmb.cam.ac.uk/flyconnectome/flywire_skeletons_783/720575940626894394,948c7448ed17bebc9d930a57cc1b39ff9e03dae50eb1649dff4a65f3f5644266
720575940620189004,AN_GNG_36,ascending,left,971,970,https://flyem.mrc-lmb.cam.ac.uk/flyconnectome/flywire_skeletons_783/720575940620189004,2da499f20f4eb27bd61c2f51b493cc5e531e0cbf8d1fa39746bddc32316d9844
720575940620937897,BM_dPoOr,sensory,right,556,555,https://flyem.mrc-lmb.cam.ac.uk/flyconnectome/flywire_skeletons_783/720575940620937897,94b5576907c4fd925851002ba022c9d892684a013591ff7d6b5b9bfceab38432
720575940619559956,ORN_VL2a,sensory,right,811,810,https://flyem.mrc-lmb.cam.ac.uk/flyconnectome/flywire_skeletons_783/720575940619559956,8855b64241898fa52af56441158dd0309f4c0c8c577a899c3e4001f0af92c2ae
720575940629683500,"LAL104,LAL105",central,right,7861,7860,https://flyem.mrc-lmb.cam.ac.uk/flyconnectome/flywire_skeletons_783/720575940629683500,3404bb8d208f48a5cc03b7dff24ade97e448be79e288c3c2b94a6ac184852dcf
720575940604938342,CB2248,central,right,6088,6087,https://flyem.mrc-lmb.cam.ac.uk/flyconnectome/flywire_skeletons_783/720575940604938342,d7510891d82deaac802038a040bebe23de0eef2298cb7662f3bb23c38f05a555
720575940620023024,ORN_DP1l,sensory,right,1171,1170,https://flyem.mrc-lmb.cam.ac.uk/flyconnectome/flywire_skeletons_783/720575940620023024,9ba9b1258fb6c2011c83b5b409e47e43ec44bf561c4d330759fb8b431cef141a
720575940631449667,"CRE060,CRE067",central,right,3884,3883,https://flyem.mrc-lmb.cam.ac.uk/flyconnectome/flywire_skeletons_783/720575940631449667,599b4dcf320b092b3bf36f2a7044e0a7d1100b01682321f1a0e00ff023a21230
720575940615645034,PVLP007,central,right,6677,6676,https://flyem.mrc-lmb.cam.ac.uk/flyconnectome/flywire_skeletons_783/720575940615645034,a43cac9a0b24a2ab2181f7e42e5268161aed7af42f02586f67fc98931337ad85
720575940631824455,TuBu05,central,right,957,956,https://flyem.mrc-lmb.cam.ac.uk/flyconnectome/flywire_skeletons_783/720575940631824455,d7726a34b74706f3ef72c43ba61263d04d05a138c1b8f77064e29f332bdcb581
720575940628993783,CB3635,central,right,4265,4264,https://flyem.mrc-lmb.cam.ac.uk/flyconnectome/flywire_skeletons_783/720575940628993783,1f07250daafc871d4a515c008841ef895540522c9bc9be1e01005840997d2ded
720575940613508325,Li01,optic,right,1290,1289,https://flyem.mrc-lmb.cam.ac.uk/flyconnectome/flywire_skeletons_783/720575940613508325,22946d045ce14a9f1e4611df1a6c1db8a459e9a36fc6f8a0fa30923e7515574c
720575940623945254,Tm5a,optic,right,687,686,https://flyem.mrc-lmb.cam.ac.uk/flyconnectome/flywire_skeletons_783/720575940623945254,53262dc895f4371ad722e711fb6ceeb23ec18660ecf2dc05d5dd95e4b6401ef4
720575940626363394,LHPV5c1,central,right,2574,2573,https://flyem.mrc-lmb.cam.ac.uk/flyconnectome/flywire_skeletons_783/720575940626363394,c1ace2a3b39ec07ae7e185f29ba5a9ec31b88b4702f71d7fe58def3b03d1c46a
720575940632323640,Tm9,optic,right,300,299,https://flyem.mrc-lmb.cam.ac.uk/flyconnectome/flywire_skeletons_783/720575940632323640,aa926078ef7247e9e396f74a9d14ac62cbad915903dfad554f0f5d84680a510d
720575940650480374,CB1646,central,right,3158,3157,https://flyem.mrc-lmb.cam.ac.uk/flyconnectome/flywire_skeletons_783/720575940650480374,e1376ecfb0f9858798f1380e0229342e7c9b8487e04cc03bfb8854c026319110
720575940608431043,Li17,optic,right,4698,4697,https://flyem.mrc-lmb.cam.ac.uk/flyconnectome/flywire_skeletons_783/720575940608431043,1abd03ba21094524c268583d70872d7517a68c84a9c3effc6336525e480c253d
720575940627544984,SLP398b,central,right,2325,2324,https://flyem.mrc-lmb.cam.ac.uk/flyconnectome/flywire_skeletons_783/720575940627544984,7fea18b13ba2cfd17c720f7af406c53619ae0a6006925a323d7cdec71aef07ed
720575940625940456,KCg-m,central,right,1215,1214,https://flyem.mrc-lmb.cam.ac.uk/flyconnectome/flywire_skeletons_783/720575940625940456,21559ccdcd8e3216b209a26e5ea5f7f0ce7d267656152baf5805a870b071744f
720575940611130744,T5c,optic,right,448,447,https://flyem.mrc-lmb.cam.ac.uk/flyconnectome/flywire_skeletons_783/720575940611130744,887248c711301eddcb43df22f1960b5749e64f028605d51089f44ecc14b4424a
720575940610983634,T4b,optic,right,785,784,https://flyem.mrc-lmb.cam.ac.uk/flyconnectome/flywire_skeletons_783/720575940610983634,2b0c899cee2a9935b67c9000abb2a744634f07758da3df9e5b421e9c6a976a4d
720575940612748003,LPi05,optic,right,2624,2623,https://flyem.mrc-lmb.cam.ac.uk/flyconnectome/flywire_skeletons_783/720575940612748003,65e87fffbb772fce6605624cec34c5e3f2df62486320d7050f7071892364b4ee
720575940644475040,LPi08,optic,right,1898,1897,https://flyem.mrc-lmb.cam.ac.uk/flyconnectome/flywire_skeletons_783/720575940644475040,d1ab7b04fb7867afeb432175b519884627959d8835e5b51757caf500b797b1c4
720575940633656345,T5a,optic,right,572,571,https://flyem.mrc-lmb.cam.ac.uk/flyconnectome/flywire_skeletons_783/720575940633656345,f1e0853a395bf5bec5d6909c8a02104a26d7e783b7c6bb7eb93259ee9e30536f
720575940629984220,T5d,optic,right,614,613,https://flyem.mrc-lmb.cam.ac.uk/flyconnectome/flywire_skeletons_783/720575940629984220,a63875f643b6f9372259b75b4cc6033f450e883c2b1300851db72f1130b2db6d
720575940618537373,LPi05,optic,right,2697,2696,https://flyem.mrc-lmb.cam.ac.uk/flyconnectome/flywire_skeletons_783/720575940618537373,d4da61ccf78ed2ed4bb045e41ef952fc7e7eefd5fcd12d717ad06b00aa552faa
720575940638105968,LPi05,optic,right,2588,2587,https://flyem.mrc-lmb.cam.ac.uk/flyconnectome/flywire_skeletons_783/720575940638105968,65a2313a0ea482cdaddbc75cce07dae57d78996be516bc29d04d9e73c2857a98
720575940641598171,Sm02,optic,right,443,442,https://flyem.mrc-lmb.cam.ac.uk/flyconnectome/flywire_skeletons_783/720575940641598171,510042e8db971837cfafabc7425a26e84c3fd755cee1be1ba1be2c0ca40b8740
720575940605676972,T1,optic,right,1088,1087,https://flyem.mrc-lmb.cam.ac.uk/flyconnectome/flywire_skeletons_783/720575940605676972,fa45e2ec96c46ade4d67333fd4b6bad77ffcc2c0eb14ba06ea44af0cec9cf33c
720575940640322136,TmY3,optic,right,1231,1230,https://flyem.mrc-lmb.cam.ac.uk/flyconnectome/flywire_skeletons_783/720575940640322136,940ccec5a36b0e6970e660f8d531e8a1462a6f4b42bd9b4151dd77dc65c7c5c2
720575940626381564,Tm3,optic,right,1015,1014,https://flyem.mrc-lmb.cam.ac.uk/flyconnectome/flywire_skeletons_783/720575940626381564,cbdade68b233f44c39d7f5c27b08d8e7fb6e926ca96e29ac0a81d679ed107a9e
720575940608785673,Tm36,optic,right,1384,1383,https://flyem.mrc-lmb.cam.ac.uk/flyconnectome/flywire_skeletons_783/720575940608785673,4b8d8ade6f6de3a8006ec01466369ea5a0547eec5cdc35de8f81485f4657792c
720575940622076329,Tm4,optic,right,1223,1222,https://flyem.mrc-lmb.cam.ac.uk/flyconnectome/flywire_skeletons_783/720575940622076329,6475ddee096deab6cc2783ea7512508b7a0b5e747fc2f6b766a1effb984ce0fb
720575940613140466,Mi4,optic,right,1429,1428,https://flyem.mrc-lmb.cam.ac.uk/flyconnectome/flywire_skeletons_783/720575940613140466,a12a9258373f5f0c18f9ebbaf6e83bfbc475e45a30247ef5ff9add809f6ab699
720575940637221173,Tm1,optic,right,768,767,https://flyem.mrc-lmb.cam.ac.uk/flyconnectome/flywire_skeletons_783/720575940637221173,d2292237e55fed13e92e240e17a43e199195e37a0274a072706cafec8f403dd8
720575940612502245,Tm4,optic,right,592,591,https://flyem.mrc-lmb.cam.ac.uk/flyconnectome/flywire_skeletons_783/720575940612502245,d1891cf73988bf68dcc6745e2cb0030e879d2129c93ad91b0f6946e50adf0ea7
720575940617859677,Tm20,optic,right,1035,1034,https://flyem.mrc-lmb.cam.ac.uk/flyconnectome/flywire_skeletons_783/720575940617859677,e284d16cf7359f0e81749eba24f5c8bdeaaf6969bfed35a68d8912b5f63568e1
720575940632717772,Dm3v,optic,right,937,936,https://flyem.mrc-lmb.cam.ac.uk/flyconnectome/flywire_skeletons_783/720575940632717772,b48c9eacaeec72029227954a4bd83b329207fdfad10d4c4c1ee33b119d21e8a4
720575940620951472,T5b,optic,right,668,667,https://flyem.mrc-lmb.cam.ac.uk/flyconnectome/flywire_skeletons_783/720575940620951472,8204d2358b7b73e3bdc96d34e15aa8e6aa9b50a3f2ec761ccb5fecf26477c6e2
720575940619938384,T2,optic,right,1171,1170,https://flyem.mrc-lmb.cam.ac.uk/flyconnectome/flywire_skeletons_783/720575940619938384,dbaa12556456e08bdbcf8f36ecc2369432fba0476d294962ef942160a9573127
720575940645761303,C2,optic,right,850,849,https://flyem.mrc-lmb.cam.ac.uk/flyconnectome/flywire_skeletons_783/720575940645761303,b7a9ffe6e065585578587c0265edd7cd93b365018a295fc6c01e766f73200d54
720575940614717438,Mi9,optic,right,971,970,https://flyem.mrc-lmb.cam.ac.uk/flyconnectome/flywire_skeletons_783/720575940614717438,62100d3cdab13d6fb161283260ffabedc8d2fa1cec6a523046730c7ad520d10f
720575940626302138,T4b,optic,right,840,839,https://flyem.mrc-lmb.cam.ac.uk/flyconnectome/flywire_skeletons_783/720575940626302138,5e2c0f535a4682a6ec9ecb16b15a9e6afc70017d0cb9836f3d62b42bfdb6f670
720575940620371371,T4d,optic,right,849,848,https://flyem.mrc-lmb.cam.ac.uk/flyconnectome/flywire_skeletons_783/720575940620371371,e2ead46961d0d667b96655ed5c41b615075365472edb7663740a7aef8a179198
720575940632632365,T5b,optic,right,564,563,https://flyem.mrc-lmb.cam.ac.uk/flyconnectome/flywire_skeletons_783/720575940632632365,5496c02648fc60e72caecb10c4933fe469a965b6690c1371aa51b14fabea8a7d
720575940628994203,T4c,optic,right,822,821,https://flyem.mrc-lmb.cam.ac.uk/flyconnectome/flywire_skeletons_783/720575940628994203,3c7e9c4556af7e8c30a635c307fd351c8d61f2348f40a806015d3969af5257f4
720575940629403639,Y11,optic,right,2946,2945,https://flyem.mrc-lmb.cam.ac.uk/flyconnectome/flywire_skeletons_783/720575940629403639,a3ff4517a1e66c3b65f80f2e3a5fc6e4327374d841cd17520e445ee3ec617b15
720575940622760584,L1,optic,right,650,649,https://flyem.mrc-lmb.cam.ac.uk/flyconnectome/flywire_skeletons_783/720575940622760584,014d3c2c16ee521767b15175f5459d086a12d5f3bc9bb597f40e7cd9d81dc2b6
720575940625363529,R1-6,sensory,right,220,219,https://flyem.mrc-lmb.cam.ac.uk/flyconnectome/flywire_skeletons_783/720575940625363529,fe33f0c3e80ebfbf978d4479a29f54e8b747d378661dde63abd2b9d30d81b4bf
720575940630740268,R1-6,sensory,right,308,307,https://flyem.mrc-lmb.cam.ac.uk/flyconnectome/flywire_skeletons_783/720575940630740268,4686d24a63a3a41def079f5983962fc774bf6f0cc86ad3b22fe68ba4988d7f14
720575940640536179,R8,sensory,right,331,330,https://flyem.mrc-lmb.cam.ac.uk/flyconnectome/flywire_skeletons_783/720575940640536179,0fae0465038a6a2e6dc8e843c12430052bc8c9b6b3f25dbdf220f324a96dc6f4
720575940637678558,L4,optic,right,393,392,https://flyem.mrc-lmb.cam.ac.uk/flyconnectome/flywire_skeletons_783/720575940637678558,ae1c264eade1ae8c4bd37df0e6c487d4fb6d0be6f1186124fa9a5bedce65265f
720575940617259963,L2,optic,right,711,710,https://flyem.mrc-lmb.cam.ac.uk/flyconnectome/flywire_skeletons_783/720575940617259963,9e3de56962467aebd036148479a246671390e596f57efb216871349fdf52b25f
720575940612019150,L1,optic,right,592,591,https://flyem.mrc-lmb.cam.ac.uk/flyconnectome/flywire_skeletons_783/720575940612019150,9dada938577de70f49a5957d7f1fda16bce40a48cd59285be05fe7e9f27f1950
720575940630848460,L4,optic,right,371,370,https://flyem.mrc-lmb.cam.ac.uk/flyconnectome/flywire_skeletons_783/720575940630848460,8ded14db65e22ce5d42a51071f55dcc82f284b022ba82098adf067b7b935d2b9
720575940618947230,L3,optic,right,563,562,https://flyem.mrc-lmb.cam.ac.uk/flyconnectome/flywire_skeletons_783/720575940618947230,6040ba683aa51653fc9fec4d641d7f8e46325ad3edb31f8691c2dda5a9d5aa94
720575940615659682,R8,sensory,right,298,297,https://flyem.mrc-lmb.cam.ac.uk/flyconnectome/flywire_skeletons_783/720575940615659682,4951ec7b900886b3e3eff7752d826add84def9d6af34893563d712a7da153d8c
720575940635156159,TmY3,optic,right,1522,1521,https://flyem.mrc-lmb.cam.ac.uk/flyconnectome/flywire_skeletons_783/720575940635156159,adf0b702a471d58646f200cb107d25245f86ba69e407734cfa066d872386d075
720575940631273676,Tm21,optic,right,1261,1260,https://flyem.mrc-lmb.cam.ac.uk/flyconnectome/flywire_skeletons_783/720575940631273676,a745a7a138c94f91ac011e9e462a40db969e6aed6a93d0e8be9a63396f99859f
720575940623000600,Tm5c,optic,right,1163,1162,https://flyem.mrc-lmb.cam.ac.uk/flyconnectome/flywire_skeletons_783/720575940623000600,4e443e80b91ce56580c31fa5ddf336f2f407671ffbf9fdeea5d1f0e4347f9318
720575940627176566,Mi1,optic,right,1038,1037,https://flyem.mrc-lmb.cam.ac.uk/flyconnectome/flywire_skeletons_783/720575940627176566,7532b7e8502b6985951ae23d7f17c0b6107fcc5719c72ed635884bc7a6d02700
720575940643866784,Tm21,optic,right,1055,1054,https://flyem.mrc-lmb.cam.ac.uk/flyconnectome/flywire_skeletons_783/720575940643866784,bee55d584540785b23c7010434a1b5159359d234942238899ae9d2219b09b439
720575940637587172,Tm1,optic,right,1047,1046,https://flyem.mrc-lmb.cam.ac.uk/flyconnectome/flywire_skeletons_783/720575940637587172,297629dae05bf298f12ef22f23a8967228eb7a52ac5bb66ff83fa4e48ca5c44f
720575940629562873,T3,optic,right,864,863,https://flyem.mrc-lmb.cam.ac.uk/flyconnectome/flywire_skeletons_783/720575940629562873,7c444901763394171e6d6b12ad01ca4f52b2079818fae592d7701f8021ce8122
720575940635298040,T2a,optic,right,1228,1227,https://flyem.mrc-lmb.cam.ac.uk/flyconnectome/flywire_skeletons_783/720575940635298040,235afc03f4a17210891da8f10314a0a40722bd5f126d32ead08b879019e05028
720575940633974355,T3,optic,right,768,767,https://flyem.mrc-lmb.cam.ac.uk/flyconnectome/flywire_skeletons_783/720575940633974355,ff967b977f8ec7d68030200ad41d51926383c295d6c8a5c97a9a881f364b3c42
720575940629112394,T3,optic,right,756,755,https://flyem.mrc-lmb.cam.ac.uk/flyconnectome/flywire_skeletons_783/720575940629112394,4b517f0d9947c78be2b8468f28dabc251f1e3fcedecbc557d58f0c21f3a50b47
